{
	"class_name" : "PinholeCameraParameters",
	"extrinsic" : 
	[
		0.26957647813378349,
		0.8438212185474866,
		-0.46399813961482728,
		0.0,
		0.54015520779327819,
		0.26639693294134975,
		0.79828881090319859,
		0.0,
		0.79722071845304321,
		-0.46583089769623159,
		-0.38398007867692413,
		0.0,
		-5.9367738136912251,
		-0.0056464688580089017,
		36.48681575236504,
		1.0
	],
	"intrinsic" : 
	{
		"height" : 1080,
		"intrinsic_matrix" : 
		[
			4101.7072208715817,
			0.0,
			0.0,
			0.0,
			4101.7072208715817,
			0.0,
			959.5,
			539.5,
			1.0
		],
		"width" : 1920
	},
	"version_major" : 1,
	"version_minor" : 0
}