{
	"class_name" : "PinholeCameraParameters",
	"extrinsic" : 
	[
		-0.60973064047145042,
		0.73002556178788713,
		-0.30869276830945486,
		0.0,
		0.67837149386293416,
		0.68207296075280122,
		0.27310912200818011,
		0.0,
		0.40992763066722654,
		-0.042885374502126358,
		-0.91110931411624063,
		0.0,
		10.141459844391788,
		1.2664207092122211,
		41.525883920872189,
		1.0
	],
	"intrinsic" : 
	{
		"height" : 1080,
		"intrinsic_matrix" : 
		[
			935.30743608719399,
			0.0,
			0.0,
			0.0,
			935.30743608719399,
			0.0,
			959.5,
			539.5,
			1.0
		],
		"width" : 1920
	},
	"version_major" : 1,
	"version_minor" : 0
}