{
	"class_name" : "PinholeCameraParameters",
	"extrinsic" : 
	[
		-0.56760844497842911,
		0.70992079901165595,
		-0.41693298300784715,
		0.0,
		0.64908253918828362,
		0.69740674362754518,
		0.30383497373362706,
		0.0,
		0.50647064131108321,
		-0.09816462231107298,
		-0.85665115211296172,
		0.0,
		8.1187321923639644,
		2.36287084736303,
		42.415197636468577,
		1.0
	],
	"intrinsic" : 
	{
		"height" : 1080,
		"intrinsic_matrix" : 
		[
			935.30743608719399,
			0.0,
			0.0,
			0.0,
			935.30743608719399,
			0.0,
			959.5,
			539.5,
			1.0
		],
		"width" : 1920
	},
	"version_major" : 1,
	"version_minor" : 0
}